<?xml version="1.0" encoding="UTF-8"?>
<suppressions xmlns="https://jeremylong.github.io/DependencyCheck/dependency-suppression.1.3.xsd">
  <!-- First false positive you suppressed -->
  <suppress>
    <notes><![CDATA[
    file name: bcprov-jdk15on-1.46.jar
    ]]></notes>
    <packageUrl regex="true">^pkg:maven/org\.bouncycastle/bcprov\-jdk15on@.*$</packageUrl>
    <vulnerabilityName>CVE-2013-1624</vulnerabilityName>
  </suppress>

  <!-- Second false positive you just copied -->
  <suppress>
    <notes><![CDATA[
    file name: bcprov-jdk15on-1.46.jar
    ]]></notes>
    <packageUrl regex="true">^pkg:maven/org\.bouncycastle/bcprov\-jdk15on@.*$</packageUrl>
    <vulnerabilityName>CVE-2015-6644</vulnerabilityName>
  </suppress>
</suppressions>
